word,subword
aimlessly,less
always,way
ambiguously,big
antagonistically,ago
apathetically,pat
articulately,late
artlessly,less
authentically,then
beastly,east
bewilderingly,wild
bilaterally,late
bilaterally,later
blessedly,less
bloodlessly,less
boundlessly,less
breathlessly,less
brilliantly,ill
canonically,anon
carelessly,less
cheerlessly,less
civilly,ill
cleverly,ever
coherently,here
comfortably,for
comfortingly,for
conceitedly,once
conceivably,once
conceptually,once
concernedly,once
controversially,over
covertly,over
craftily,aft
daftly,aft
desolately,late
devoutly,out
diagonally,ago
disconcertingly,con
disconcertingly,once
discontentedly,con
dismally,small
economically,con
edgeways,way
effortlessly,for
effortlessly,less
endlessly,less
endways,way
enthusiastically,thus
everlastingly,last
everywhere,very
faithlessly,less
faultlessly,less
fearlessly,less
fecklessly,less
feverishly,ever
flawlessly,less
formlessly,less
frighteningly,right
gloweringly,low
glowingly,low
governmentally,over
gracelessly,less
harmlessly,less
heartlessly,less
helplessly,less
henceforth,for
hereafter,aft
hereinafter,aft
hollowly,low
hopelessly,less
humorlessly,less
immaculately,late
impatiently,pat
inarticulately,late
incoherently,here
inconceivably,con
inconceivably,once
inconclusively,con
incongruously,con
inconsequentially,con
inconsiderately,con
inconsistently,con
inconspicuously,con
inconveniently,con
inexpressively,express
inextricably,next
informally,for
inherently,here
inoffensively,off
irreverently,ever
irreversibly,ever
joylessly,less
laconically,con
lengthways,way
lifelessly,less
linearly,near
listlessly,less
mellowingly,low
mercilessly,less
millionfold,ill
mindlessly,less
monotonously,not
motionlessly,less
multilaterally,late
multilaterally,later
needlessly,less
nefariously,far
nevermore,ever
noiselessly,less
northeastward,east
painlessly,less
perforce,for
philatelically,late
plastically,last
pointlessly,less
proverbially,over
purposelessly,less
pusillanimously,ill
relentlessly,less
restlessly,less
revengefully,even
reverentially,ever
reversely,ever
reversibly,ever
routinely,out
ruthlessly,less
scholastically,last
second,con
secondarily,con
secondhand,con
senselessly,less
sevenfold,even
seventhly,even
shapelessly,less
shrilly,ill
sideways,way
skillfully,ill
sleeplessly,less
slowly,low
socioeconomically,con
soullessly,less
south,out
southeastward,east
southeastward,out
southerly,out
spatially,pat
speechlessly,less
spotlessly,less
standoffishly,off
stoutly,out
subconsciously,con
sympathetically,pat
tactlessly,less
tastelessly,less
thereabout,here
thereafter,aft
thereafter,here
thereby,here
therefor,here
therefore,for
therefore,here
therein,here
thereof,here
thereon,here
thereto,here
theretofore,for
theretofore,here
theretofore,hereto
therewith,here
therewithal,here
thermostatically,most
thoughtlessly,less
thriftlessly,less
tonelessly,less
tranquilly,ill
tunelessly,less
unambiguously,big
unbeknown,now
uncivilly,ill
uncomfortably,for
unconcernedly,con
unconcernedly,once
unconditionally,con
unconsciously,con
unconstitutionally,con
uncontrollably,con
unconventionally,con
unconvincingly,con
uncouthly,out
unenthusiastically,thus
unevenly,even
uneventfully,even
unforgivingly,for
unfortunately,for
uniformly,for
unilaterally,late
unilaterally,later
uninformatively,for
unjustifiably,just
unjustly,just
unofficially,off
unpatriotically,pat
unrighteously,right
unselfconsciously,con
unsympathetically,pat
unwillingly,ill
uselessly,less
willfully,ill
willingly,ill
youthfully,out
