word,subword
abate,bat
acknowledge,know
alphabetize,bet
amputate,put
anagram,nag
assassinate,sass
autopsy,top
awaken,wake
bastardize,tar
beatify,eat
believe,lie
bequeath,eat
blister,list
bombard,bar
breathe,eat
bribe,rib
butterfly,utter
capitalize,pit
caramelize,ram
change,hang
characterize,act
chiromance,man
choreograph,rap
collaborate,labor
collapse,lap
command,man
commandeer,man
commission,miss
complete,let
consider,side
create,eat
cripple,rip
crystallize,stall
deaccession,access
debate,bat
deliver,live
demand,man
demineralize,mine
desensitize,sit
disadvantage,tag
disassociate,sass
discourage,rag
discourage,scour
discourse,scour
disengage,gag
disown,sow
distribute,rib
disunify,sun
downsize,own
dramatize,ram
dribble,rib
eclipse,clip
elaborate,labor
enable,nab
engage,gag
exchange,hang
expedite,edit
factor,act
forbid,orb
fracture,act
frame,ram
fringe,ring
harmonize,arm
hesitate,sit
hyperventilate,vent
idealize,deal
implant,plan
impute,put
intertwine,win
invaginate,gin
lower,owe
manage,nag
manufacture,act
motorbike,orb
mouth,out
multiply,tip
necessitate,sit
nucleate,eat
originate,gin
outmaneuver,man
outsource,sour
paddle,add
paragraph,rag
paragraph,rap
perambulate,ram
permeate,eat
philander,land
photograph,rap
practice,act
precipitate,pit
predecease,rede
prescribe,rib
probate,bat
prosecute,cut
pyramid,ram
recombine,comb
reconsider,side
reharmonize,arm
relieve,lie
render,end
replant,plan
reprobate,bat
reproduce,prod
reshuffle,huff
riposte,post
romanticize,man
saccharify,char
satellite,tell
scrape,rap
script,rip
sensitize,sit
sequester,quest
shanghai,hang
shiver,hive
shower,owe
shuffle,huff
smuggle,mug
sparkle,park
spatchcock,patch
sportscast,port
sprinkle,prink
stage,tag
stagnate,tag
start,tar
startle,tar
starve,tar
steep,tee
stipulate,tip
stopper,top
subscribe,rib
supplant,plan
swing,win
threaten,eat
tintinnabulate,nab
tramp,ram
transition,sit
truncate,run
twinkle,win
twinkle,wink
underestimate,rest
vegetate,get
volunteer,tee
whitewash,hit
